{"booster": "gbtree", "colsample_bytree": 0.9, "eval_metric": "auc", "gamma": 9.606416804212778, "gpu_id": 0, "learning_rate": 0.0449954462199561, "max_delta_step": 16.0, "max_depth": 12, "min_child_weight": 4.0, "n_estimators": 1100, "num_class": 33, "objective": "multi:softproba", "reg_alpha": 0.8748701679786196, "reg_lambda": 0.11806345252483628, "subsample": 0.7000000000000001, "tree_method": "gpu_hist"}