{"booster": "gbtree", "colsample_bytree": 0.5, "eval_metric": "auc", "gamma": 2.130784258704372, "gpu_id": 0, "learning_rate": 0.0035205881948008506, "max_delta_step": 16.0, "max_depth": 2, "min_child_weight": 19.0, "n_estimators": 700, "num_class": 33, "objective": "multi:softproba", "reg_alpha": 0.4150790551044395, "reg_lambda": 0.4591126496505203, "subsample": 0.6000000000000001, "tree_method": "gpu_hist"}